City_ID,City,Country,Lat,Lng,Max Temp,Humidity,Cloudiness,Wind Speed,Current Description
0,Arcata,US,40.8665,-124.0828,55.92,80,90,0.0,overcast clouds
1,Kotka,FI,60.4664,26.9458,51.06,77,99,18.81,overcast clouds
2,Provideniya,RU,64.3833,-173.3,35.74,98,100,7.14,overcast clouds
3,Pangnirtung,CA,66.1451,-65.7125,37.4,75,75,3.44,broken clouds
4,San Patricio,US,28.017,-97.5169,88.88,37,0,5.73,clear sky
5,Albany,US,42.6001,-73.9662,74.68,74,0,0.87,clear sky
6,Narsaq,GL,60.9167,-46.05,48.42,48,8,6.82,clear sky
7,Torbay,CA,47.6666,-52.7314,58.75,49,40,14.97,scattered clouds
8,Awbari,LY,26.5921,12.7805,82.06,16,0,7.11,clear sky
9,Portland,US,45.5234,-122.6762,53.17,91,90,1.01,mist
10,Rikitea,PF,-23.1203,-134.9692,73.2,78,63,9.4,broken clouds
11,New Norfolk,AU,-42.7826,147.0587,49.91,69,85,1.99,overcast clouds
12,Busselton,AU,-33.65,115.3333,52.09,77,76,8.23,broken clouds
13,Lorengau,PG,-2.0226,147.2712,79.59,77,52,0.49,broken clouds
14,Farso,DK,56.7728,9.3393,56.62,77,96,6.6,overcast clouds
15,Ushuaia,AR,-54.8,-68.3,49.66,43,0,4.61,clear sky
16,Alofi,NU,-19.0595,-169.9187,69.69,100,46,2.3,scattered clouds
17,Avarua,CK,-21.2078,-159.775,71.65,78,8,2.3,clear sky
18,Bambous Virieux,MU,-20.3428,57.7575,72.21,88,75,8.05,light intensity shower rain
19,Jamestown,US,42.097,-79.2353,76.32,68,40,4.61,scattered clouds
20,Mataura,NZ,-46.1927,168.8643,47.48,96,66,2.44,broken clouds
21,Bluff,NZ,-46.6,168.3333,47.8,90,88,2.51,overcast clouds
22,Kodiak,US,57.79,-152.4072,49.51,57,1,4.61,clear sky
23,Fairburn,US,33.5671,-84.581,76.71,89,90,4.61,overcast clouds
24,College,US,64.8569,-147.8028,37.65,95,90,0.0,light rain
25,Norman Wells,CA,65.282,-126.8329,24.84,93,90,4.61,fog
26,Maningrida,AU,-12.0667,134.2667,78.73,74,100,3.22,overcast clouds
27,Chapais,CA,49.7834,-74.8492,67.78,50,45,8.72,scattered clouds
28,Ixtapa,MX,20.7,-105.2,86.23,62,1,0.0,clear sky
29,East London,ZA,-33.0153,27.9116,67.14,88,0,13.8,clear sky
30,Chokurdakh,RU,70.6333,147.9167,7.05,90,89,5.82,overcast clouds
31,Hobart,AU,-42.8794,147.3294,50.25,74,75,1.01,broken clouds
32,Lloydminster,CA,53.2835,-110.0016,46.08,53,20,2.3,few clouds
33,Punta Arenas,CL,-53.15,-70.9167,50.11,46,0,16.11,clear sky
34,Puerto Ayora,EC,-0.7393,-90.3518,80.56,86,77,8.99,broken clouds
35,Suining,CN,30.508,105.5733,63.77,92,100,2.55,overcast clouds
36,Atar,MR,20.5169,-13.0499,103.66,10,98,11.81,overcast clouds
37,Tame,CO,6.461,-71.73,88.84,56,82,1.77,broken clouds
38,Lompoc,US,34.6391,-120.4579,68.77,80,90,3.44,overcast clouds
39,Nikolskoye,RU,59.7035,30.7861,51.87,55,40,9.89,scattered clouds
40,Ancud,CL,-41.8697,-73.8203,58.53,67,5,5.35,clear sky
41,Flinders,AU,-34.5833,150.8552,61.21,80,73,3.47,broken clouds
42,Qaanaaq,GL,77.484,-69.3632,19.83,60,41,7.09,scattered clouds
43,Mehamn,NO,71.0357,27.8492,39.38,65,75,16.11,broken clouds
44,Lasa,IT,46.6166,10.7002,57.11,90,71,6.38,broken clouds
45,Kinshasa,CD,-4.3246,15.3215,86.38,62,40,9.22,thunderstorm
46,Brae,GB,60.3964,-1.353,55.31,96,100,12.19,overcast clouds
47,Butaritari,KI,3.0707,172.7902,82.63,65,50,16.04,scattered clouds
48,Nanortalik,GL,60.1432,-45.2371,40.55,61,60,2.55,broken clouds
49,Maldonado,UY,-34.6667,-54.9167,53.22,52,5,8.39,clear sky
50,Sistranda,NO,63.7256,8.834,49.89,78,94,14.29,overcast clouds
51,Atyrau,KZ,47.1167,51.8833,37.42,30,0,6.71,clear sky
52,Vaini,TO,-21.2,-175.2,71.76,94,75,4.61,light rain
53,Cape Town,ZA,-33.9258,18.4232,65.12,65,0,17.27,clear sky
54,Cherskiy,RU,68.75,161.3,-2.2,100,63,4.25,broken clouds
55,Rio Grande,BR,-32.035,-52.0986,66.31,53,6,10.27,clear sky
56,Yellowknife,CA,62.456,-114.3525,37.42,100,90,8.05,mist
57,Luderitz,NA,-26.6481,15.1594,58.48,82,1,4.88,clear sky
58,Dikson,RU,73.5069,80.5464,34.97,90,98,20.98,overcast clouds
59,Richards Bay,ZA,-28.783,32.0377,68.27,80,77,15.46,broken clouds
60,Ahuimanu,US,21.4447,-157.8378,76.75,71,20,12.66,few clouds
61,Ramnagar,IN,29.4,79.1167,72.86,70,0,3.76,clear sky
62,Hithadhoo,MV,-0.6,73.0833,83.21,74,32,11.34,scattered clouds
63,Severo-Kurilsk,RU,50.6789,156.125,44.58,76,27,18.41,scattered clouds
64,Kwinana,AU,-32.25,115.7667,60.82,80,99,5.99,overcast clouds
65,Darlowo,PL,54.421,16.4107,57.94,85,84,4.85,broken clouds
66,Yei,SS,4.095,30.6779,68.9,85,79,2.17,broken clouds
67,Nome,US,64.5011,-165.4064,30.27,86,1,3.44,clear sky
68,Nhulunbuy,AU,-12.2333,136.7667,74.01,88,100,0.0,overcast clouds
69,Laguna,US,38.421,-121.4238,69.64,59,1,4.0,clear sky
70,Omboue,GA,-1.5746,9.2618,76.62,81,97,7.58,overcast clouds
71,Patos De Minas,BR,-18.5789,-46.5181,94.03,22,46,6.98,scattered clouds
72,Haines Junction,CA,60.7522,-137.5108,35.55,75,100,3.44,overcast clouds
73,Formosa,AR,-26.1775,-58.1781,78.78,50,0,12.66,clear sky
74,Tiksi,RU,71.6872,128.8694,27.64,95,100,6.62,overcast clouds
75,Cardston,CA,49.2,-113.3019,50.29,29,60,5.75,broken clouds
76,Kruisfontein,ZA,-34.0033,24.7314,66.88,75,100,3.58,overcast clouds
77,Ati,TD,13.2154,18.3353,93.07,15,1,3.11,clear sky
78,Norfolk,US,42.1668,-71.2495,76.3,65,75,4.61,broken clouds
79,Port-Gentil,GA,-0.7193,8.7815,78.76,78,40,9.22,scattered clouds
80,Malanje,AO,-9.5402,16.341,75.4,55,88,4.61,overcast clouds
81,Ribeira Grande,PT,38.5167,-28.7,73.8,64,20,10.36,few clouds
82,Francistown,BW,-21.17,27.5079,74.89,52,36,20.51,scattered clouds
83,Saint-Georges,GD,12.0564,-61.7485,89.28,70,20,18.41,few clouds
84,Poya,NC,-21.35,165.15,63.41,73,0,5.53,clear sky
85,Mizdah,LY,31.4451,12.9801,72.61,54,2,14.61,clear sky
86,Sohag,EG,26.557,31.6948,80.02,27,0,8.79,clear sky
87,Carnarvon,AU,-24.8667,113.6333,62.67,72,0,14.97,clear sky
88,Merauke,ID,-8.4667,140.3333,77.38,88,90,6.8,overcast clouds
89,Steamboat Springs,US,40.485,-106.8317,60.55,48,1,0.0,clear sky
90,Atuona,PF,-9.8,-139.0333,78.01,76,34,17.18,scattered clouds
91,Cap Malheureux,MU,-19.9842,57.6142,72.46,77,12,3.0,light rain
92,Dekernes,EG,31.0876,31.595,78.69,61,0,7.4,clear sky
93,Vardo,NO,70.3705,31.1107,37.38,81,75,14.97,broken clouds
94,Taoudenni,ML,22.6783,-3.9836,99.9,7,0,11.95,clear sky
95,Hermanus,ZA,-34.4187,19.2345,64.9,72,19,9.42,few clouds
96,Hilo,US,19.7297,-155.09,74.62,82,75,4.61,broken clouds
97,Tomatlan,MX,19.9333,-105.25,89.56,61,34,4.23,scattered clouds
98,Tarata,BO,-17.6167,-66.0167,58.08,49,74,8.3,broken clouds
99,Ajdabiya,LY,30.7554,20.2263,75.15,40,0,3.49,clear sky
100,Comodoro Rivadavia,AR,-45.8667,-67.5,55.26,38,0,8.05,clear sky
101,Lagoa,PT,39.05,-27.9833,69.42,70,16,10.98,few clouds
102,Arraial Do Cabo,BR,-22.9661,-42.0278,75.16,83,75,18.41,light rain
103,Vanderhoof,CA,54.0166,-124.0198,39.16,69,64,2.28,broken clouds
104,Sevierville,US,35.8681,-83.5618,82.15,63,20,0.0,few clouds
105,Georgetown,MY,5.4112,100.3354,82.33,87,40,3.0,scattered clouds
106,Deputatskiy,RU,69.3,139.9,17.91,78,99,7.0,overcast clouds
107,Brisbane,AU,-27.4679,153.0281,66.78,81,0,1.01,clear sky
108,Marsh Harbour,BS,26.5412,-77.0636,84.52,64,16,13.15,few clouds
109,Yulara,AU,-25.2406,130.9889,64.24,59,0,4.61,clear sky
110,Saskylakh,RU,71.9167,114.0833,9.12,94,90,8.05,overcast clouds
111,Port Alfred,ZA,-33.5906,26.891,67.68,87,74,22.95,broken clouds
112,Zhigansk,RU,66.7697,123.3711,27.59,94,100,16.44,light snow
113,Harper,LR,4.375,-7.7169,78.76,84,89,10.11,light rain
114,Kapaa,US,22.0752,-159.319,75.52,80,75,5.01,light rain
115,San Cristobal,VE,7.7669,-72.225,84.38,50,80,8.66,broken clouds
116,Castro,BR,-24.7911,-50.0119,68.11,88,100,1.72,light rain
117,Tuktoyaktuk,CA,69.4541,-133.0374,28.4,93,20,8.05,few clouds
118,Constitucion,CL,-35.3333,-72.4167,60.17,62,0,9.24,clear sky
119,Pereslavl-Zalesskiy,RU,56.7393,38.8563,39.79,74,0,5.17,clear sky
120,Port Hedland,AU,-20.3167,118.5667,68.05,94,0,4.61,clear sky
121,Port Elizabeth,ZA,-33.918,25.5701,69.1,88,0,14.97,clear sky
122,Pevek,RU,69.7008,170.3133,25.02,81,100,9.82,overcast clouds
123,Shaoguan,CN,24.8,113.5833,71.6,74,99,3.04,overcast clouds
124,Barrow,US,71.2906,-156.7887,33.82,86,90,5.75,mist
125,Clyde River,CA,70.4692,-68.5914,30.43,100,75,5.75,fog
126,Vallenar,CL,-28.5708,-70.7581,77.59,20,0,16.82,clear sky
127,Kiama,AU,-34.6833,150.8667,57.25,79,85,1.01,overcast clouds
128,Elizabethton,US,36.3487,-82.2107,75.94,77,1,9.22,clear sky
129,Talnakh,RU,69.4865,88.3972,35.58,100,100,10.09,light rain
130,Eregli,TR,37.5133,34.0467,56.52,38,0,1.32,clear sky
131,Khatanga,RU,71.9667,102.5,14.72,94,100,5.82,overcast clouds
132,Kudahuvadhoo,MV,2.6708,72.8944,83.35,73,67,10.51,broken clouds
133,Bredasdorp,ZA,-34.5322,20.0403,61.29,82,83,4.61,broken clouds
134,Orange,US,33.7,-117.7675,72.61,85,90,1.99,overcast clouds
135,Knysna,ZA,-34.0363,23.0471,70.18,65,98,5.37,overcast clouds
136,Bethel,US,41.3712,-73.414,73.92,74,40,4.61,scattered clouds
137,Muros,ES,42.7762,-9.0603,75.7,72,45,7.05,scattered clouds
138,Thompson,CA,55.7435,-97.8558,62.76,67,75,11.5,smoke
139,Jiexiu,CN,37.0244,111.9125,53.13,82,61,2.01,broken clouds
140,Namibe,AO,-15.1961,12.1522,64.4,80,45,11.81,scattered clouds
141,San Roque,ES,36.2107,-5.3842,72.41,83,20,4.61,few clouds
142,Adrar,MR,20.5022,-10.0711,99.46,6,68,9.28,broken clouds
143,Rosetta,EG,31.4044,30.4164,75.02,66,0,9.91,clear sky
144,Chiredzi,ZW,-21.05,31.6667,74.03,57,48,10.56,scattered clouds
145,Sorland,NO,67.667,12.6934,42.66,63,100,16.8,overcast clouds
146,Zigong,CN,29.3416,104.7769,65.5,88,94,1.97,light rain
147,Longyearbyen,SJ,78.2186,15.6401,28.24,59,75,5.75,broken clouds
148,Dandong,CN,40.1292,124.3947,51.39,84,91,6.11,overcast clouds
149,Vila Do Maio,CV,15.1333,-23.2167,88.59,78,36,10.11,scattered clouds
150,Mar Del Plata,AR,-38.0023,-57.5575,53.62,67,0,7.0,clear sky
151,Souillac,MU,-20.5167,57.5167,72.36,88,75,8.05,light intensity shower rain
152,Dingle,PH,10.9995,122.6711,76.84,86,100,2.53,overcast clouds
153,Maniitsoq,GL,65.4167,-52.9,36.68,55,19,1.25,few clouds
154,Lebu,CL,-37.6167,-73.65,56.71,58,0,10.33,clear sky
155,Bengkulu,ID,-3.8004,102.2655,75.58,90,99,2.98,light rain
156,Jaguarari,BR,-10.2639,-40.1958,91.02,25,84,8.7,broken clouds
157,Yinchuan,CN,38.4681,106.2731,57.87,61,18,3.69,few clouds
158,Shumskiy,RU,54.8318,99.1328,36.81,75,100,6.11,overcast clouds
159,Naze,JP,28.3667,129.4833,76.44,72,81,14.36,broken clouds
160,Broome,US,42.2506,-75.833,75.63,66,40,1.01,scattered clouds
161,Waddan,LY,29.1614,16.139,83.57,18,0,6.2,clear sky
162,Kharp,RU,66.8014,65.8081,43.97,90,100,12.08,light rain
163,Moron,AR,-34.6534,-58.6198,65.01,41,0,1.99,clear sky
164,Porto Belo,BR,-27.1578,-48.5531,67.98,74,100,14.25,overcast clouds
165,Bathsheba,BB,13.2167,-59.5167,86.61,79,75,21.85,broken clouds
166,Chicama,PE,-7.8447,-79.1469,63.14,61,76,11.27,broken clouds
167,Santiago Tuxtla,MX,18.4667,-95.3,80.89,67,98,10.92,overcast clouds
168,Bubaque,GW,11.2833,-15.8333,84.13,71,91,4.14,overcast clouds
169,Noumea,NC,-22.2763,166.4572,57.18,74,16,8.08,few clouds
170,Saint-Philippe,RE,-21.3585,55.7679,69.39,78,99,8.52,light rain
171,Saint George,US,37.1041,-113.5841,75.67,48,98,1.01,overcast clouds
172,Nago,JP,26.5881,127.9761,81.45,70,87,13.8,overcast clouds
173,Dzaoudzi,YT,-12.7887,45.2699,78.69,78,20,8.05,few clouds
174,Port Shepstone,ZA,-30.7414,30.455,68.34,87,100,29.08,overcast clouds
175,Pringsewu,ID,-5.3582,104.9744,73.72,90,22,5.35,few clouds
176,Hovd,MN,48.0056,91.6419,29.34,33,0,4.7,clear sky
177,Kavieng,PG,-2.5744,150.7967,80.47,78,27,4.81,scattered clouds
178,Upernavik,GL,72.7868,-56.1549,26.64,47,10,4.61,clear sky
179,Dubti,ET,11.7361,41.0853,96.13,30,44,13.2,scattered clouds
180,Taltal,CL,-25.4,-70.4833,61.39,72,94,6.29,overcast clouds
181,Broken Hill,AU,-31.95,141.4333,51.51,40,7,6.91,clear sky
182,Tiznit,MA,29.5833,-9.5,76.26,40,37,5.41,scattered clouds
183,Aykhal,RU,66.0,111.5,20.88,97,99,5.84,overcast clouds
184,Koslan,RU,63.4564,48.8989,43.95,73,5,12.53,clear sky
185,Albino,IT,45.7638,9.7964,61.47,70,75,2.3,broken clouds
186,Filingue,NE,14.3521,3.3168,97.95,14,88,4.03,overcast clouds
187,Petropavlovsk-Kamchatskiy,RU,53.0452,158.6483,30.79,80,40,4.47,scattered clouds
188,Kuytun,RU,54.3419,101.5036,32.25,71,66,4.59,broken clouds
189,Trincomalee,LK,8.5711,81.2335,81.81,75,99,15.12,overcast clouds
190,Loa Janan,ID,-0.583,117.095,74.01,98,14,2.64,few clouds
191,Neuquen,AR,-38.9516,-68.0591,67.89,22,0,12.66,clear sky
192,Boa Vista,BR,2.8197,-60.6733,94.98,41,75,6.91,broken clouds
193,Usinsk,RU,65.9939,57.5281,47.3,72,100,18.41,overcast clouds
194,San Jose De Guanipa,VE,8.8872,-64.1651,89.89,47,37,9.06,scattered clouds
195,Labuan,MY,5.2767,115.2417,82.76,83,20,1.99,few clouds
196,Maracaju,BR,-21.6144,-55.1683,72.18,92,100,6.46,overcast clouds
197,Dicabisagan,PH,17.0818,122.4157,78.13,88,100,4.32,overcast clouds
198,Petropolis,RU,59.8944,30.2642,52.11,59,0,4.47,clear sky
199,Tasiilaq,GL,65.6145,-37.6368,35.76,50,5,5.73,clear sky
200,Linqiong,CN,30.4159,103.4609,64.22,89,79,2.62,broken clouds
201,Faanui,PF,-16.4833,-151.75,78.24,75,22,10.07,few clouds
202,Trairi,BR,-3.2778,-39.2689,85.78,59,53,14.99,broken clouds
203,Madras,IN,13.0878,80.2785,85.98,84,75,6.91,mist
204,Takoradi,GH,4.8845,-1.7554,79.07,84,78,6.87,broken clouds
205,Airai,TL,-8.9266,125.4092,60.33,68,81,2.19,broken clouds
206,Sinnamary,GF,5.3833,-52.95,86.14,67,86,12.82,overcast clouds
207,Fershampenuaz,RU,53.5202,59.8117,40.77,74,7,4.14,clear sky
208,Chino Valley,US,34.7575,-112.4538,74.37,54,1,1.99,clear sky
209,Kaga,JP,36.2997,136.3145,69.73,83,75,2.3,broken clouds
210,Babstovo,RU,48.1167,132.4833,40.96,71,50,5.03,scattered clouds
211,Mount Gambier,AU,-37.8333,140.7667,42.71,100,99,11.5,overcast clouds
212,Tuatapere,NZ,-46.1333,167.6833,47.82,94,99,3.36,overcast clouds
213,Okhotsk,RU,59.3833,143.3,25.75,77,8,8.88,clear sky
214,Gamba,GA,-2.65,10.0,76.5,81,83,7.18,broken clouds
215,Weinan,CN,34.5036,109.5089,58.69,91,41,3.6,light rain
216,Bagdarin,RU,54.4333,113.6,26.94,65,72,2.75,broken clouds
217,Kavaratti,IN,10.5669,72.642,81.91,79,84,7.63,broken clouds
218,Camalu,MX,30.85,-116.0667,71.42,67,100,7.4,overcast clouds
219,Maceio,BR,-9.6658,-35.7353,87.24,58,75,12.66,broken clouds
220,Atchison,US,39.563,-95.1216,76.48,50,35,3.91,scattered clouds
221,Kilindoni,TZ,-7.9139,39.6668,78.24,80,5,12.33,clear sky
222,Agirish,RU,61.9247,63.0231,42.49,75,18,11.83,few clouds
223,Meadow Lake,US,34.8014,-106.5436,76.71,46,100,7.9,overcast clouds
224,Puerto Baquerizo Moreno,EC,-0.9,-89.6,74.39,78,75,17.27,broken clouds
225,Sitka,US,57.0531,-135.33,48.09,66,75,20.71,light rain
226,Bitung,ID,1.4451,125.1824,76.05,84,39,12.35,scattered clouds
227,Santa Barbara,US,34.7333,-120.0343,68.14,72,75,3.44,broken clouds
228,Nemuro,JP,43.3236,145.575,51.96,87,100,10.51,overcast clouds
229,Russell,US,32.3502,-85.1999,79.97,84,75,5.75,broken clouds
230,Yumen,CN,40.2833,97.2,49.75,42,50,9.98,scattered clouds
231,Pangody,RU,65.85,74.4859,42.75,89,100,16.06,overcast clouds
232,Santa Cruz,BO,-17.8,-63.1667,84.25,37,75,13.8,broken clouds
233,Ponta Do Sol,PT,32.6667,-17.1,77.0,73,35,2.13,scattered clouds
234,Andros Town,BS,24.7,-77.7667,85.66,62,28,15.77,scattered clouds
235,Katsuura,JP,35.1333,140.3,73.18,80,95,14.7,overcast clouds
236,Paso De Carrasco,UY,-34.8603,-56.0522,57.65,58,20,5.75,few clouds
237,Garowe,SO,8.4054,48.4845,88.05,36,64,15.03,broken clouds
238,Umm Lajj,SA,25.0213,37.2685,83.23,62,0,11.14,clear sky
239,Pemangkat,ID,1.1667,108.9667,79.41,85,43,9.01,scattered clouds
240,Cockburn Town,TC,21.4612,-71.1419,85.96,66,40,12.66,scattered clouds
241,Auki,SB,-8.7676,160.7034,76.84,90,33,5.08,scattered clouds
242,Urubicha,BO,-15.3833,-62.95,91.47,43,45,1.86,scattered clouds
243,Prince Rupert,CA,54.3161,-130.3201,46.09,81,90,16.11,light rain
244,Balaipungut,ID,1.05,101.2833,76.21,91,99,3.96,overcast clouds
245,Sao Filipe,CV,14.8961,-24.4956,80.22,78,22,8.41,few clouds
246,Exeter,GB,50.7236,-3.5275,65.52,85,40,8.05,scattered clouds
247,Carmen,MX,18.6333,-91.8333,84.24,79,75,4.61,broken clouds
248,Acandi,CO,8.5063,-77.2778,82.63,86,46,2.42,scattered clouds
249,Berlevag,NO,70.8578,29.0864,39.2,70,98,27.89,overcast clouds
250,Ndele,CF,8.4109,20.6473,76.32,85,94,2.39,light rain
251,Santiago Del Estero,AR,-27.7951,-64.2615,75.81,31,9,9.91,clear sky
252,Coihaique,CL,-45.5752,-72.0662,59.61,44,20,8.05,few clouds
253,Kieta,PG,-6.2167,155.6333,78.55,81,64,4.7,broken clouds
254,Filadelfia,US,39.9523,-75.1638,77.65,69,75,3.0,broken clouds
255,Kattivakkam,IN,13.2167,80.3167,86.09,76,85,9.69,overcast clouds
256,Quirinopolis,BR,-18.4483,-50.4517,99.63,21,28,4.29,heavy intensity rain
257,Gushi,CN,34.6425,109.5843,55.81,88,42,5.21,scattered clouds
258,Champerico,GT,14.3,-91.9167,90.14,67,78,4.83,broken clouds
259,Dunedin,NZ,-45.8742,170.5036,54.81,68,74,1.99,broken clouds
260,Victoria,HK,22.2855,114.1577,79.32,93,100,1.99,overcast clouds
261,Mokolo,CM,10.7398,13.8019,80.17,34,8,2.75,clear sky
262,Moramanga,MG,-18.9333,48.2,60.19,97,80,4.63,light rain
263,Mahebourg,MU,-20.4081,57.7,72.25,88,75,8.05,light intensity shower rain
264,Khandyga,RU,62.6667,135.6,24.06,94,63,4.59,broken clouds
265,Izumo,JP,35.3667,132.7667,66.15,84,0,3.29,clear sky
266,Paita,PE,-5.0892,-81.1144,77.56,72,61,18.32,broken clouds
267,Gilbues,BR,-9.8317,-45.3439,102.43,15,29,7.72,scattered clouds
268,Amapa,BR,1.0,-52.0,100.42,27,54,4.43,broken clouds
269,Lazaro Cardenas,MX,17.9583,-102.2,86.23,69,29,5.44,scattered clouds
270,Eldorado,BR,-23.7869,-54.2836,74.08,90,100,2.08,light rain
271,Marsa Matruh,EG,31.3525,27.2453,71.8,60,40,11.5,scattered clouds
272,Kirakira,SB,-10.4544,161.9205,78.73,86,88,9.19,overcast clouds
273,Esperance,AU,-33.8667,121.9,51.64,85,59,13.82,broken clouds
274,Husavik,IS,66.0449,-17.3389,44.51,95,100,29.53,moderate rain
275,Tvedestrand,NO,58.622,8.9315,57.33,92,100,7.2,overcast clouds
276,Saint-Augustin,CA,51.226,-58.6502,53.24,39,69,15.14,broken clouds
277,Hun,LY,29.1268,15.9477,83.95,17,0,7.07,clear sky
278,Vestmannaeyjar,IS,63.4427,-20.2734,49.19,81,90,37.98,moderate rain
279,Alihe,CN,50.5667,123.7167,33.6,83,17,2.98,few clouds
280,Graham,US,47.0529,-122.2943,52.77,88,90,0.0,overcast clouds
281,Fujin,CN,47.26,132.0322,42.85,68,37,7.61,scattered clouds
282,Maarianhamina,AX,60.0973,19.9348,53.46,87,0,5.75,clear sky
283,Honggang,CN,46.4667,124.8667,46.9,55,41,6.17,scattered clouds
284,Mitsamiouli,KM,-11.3847,43.2844,79.09,78,20,11.5,few clouds
285,Roma,US,43.2128,-75.4557,77.38,77,2,1.99,clear sky
286,Barstow,US,34.8986,-117.0228,72.3,47,100,5.1,overcast clouds
287,Pokosnoye,RU,55.5258,101.0536,33.06,97,100,10.09,overcast clouds
288,Epe,NG,6.5841,3.9834,78.51,85,91,4.41,overcast clouds
289,Itarema,BR,-2.9248,-39.9167,85.93,61,77,17.87,broken clouds
290,Martapura,ID,-3.4167,114.85,77.09,94,16,3.44,few clouds
291,Marawi,PH,7.9986,124.2928,68.65,94,100,1.45,overcast clouds
292,Borgarnes,IS,64.5383,-21.9206,48.65,73,100,16.53,light rain
293,Vila Velha,BR,-20.3297,-40.2925,85.95,66,0,8.05,clear sky
294,Donskoye,RU,45.4552,41.9741,49.23,55,86,20.02,overcast clouds
295,Maholi,IN,27.6667,80.4667,78.69,58,0,3.06,clear sky
296,Kupang,ID,-10.1667,123.5833,75.76,86,59,5.3,broken clouds
297,Aksu,CN,41.1231,80.2644,55.33,48,44,0.65,scattered clouds
298,Sioux Lookout,CA,50.1001,-91.917,69.87,68,20,8.05,few clouds
299,Luwingu,ZM,-10.2621,29.9271,76.23,26,55,4.47,broken clouds
300,Scarborough,GB,54.2797,-0.4044,64.9,84,36,1.99,scattered clouds
301,Leningradskiy,RU,69.3833,178.4167,22.41,96,100,3.18,overcast clouds
302,Cody,US,44.5263,-109.0565,63.21,44,90,0.0,overcast clouds
303,Bloomingdale,US,27.8936,-82.2404,94.32,65,1,1.01,clear sky
304,Eureka,US,40.8021,-124.1637,55.92,80,100,1.99,overcast clouds
305,Geraldton,AU,-28.7667,114.6,54.01,87,75,8.05,broken clouds
306,Sola,VU,-13.8833,167.55,80.11,79,20,18.48,few clouds
307,Anadyr,RU,64.75,177.4833,32.5,100,75,1.99,light shower snow
308,Xingcheng,CN,40.6167,120.7167,53.49,61,0,4.99,clear sky
309,Sorong,ID,-0.8833,131.25,78.35,90,100,7.47,overcast clouds
310,Yar-Sale,RU,66.8333,70.8333,42.87,87,100,20.13,overcast clouds
311,Avera,US,33.194,-82.5271,79.45,78,97,7.78,overcast clouds
312,Sao Joao Da Barra,BR,-21.6403,-41.0511,86.09,77,74,22.37,broken clouds
313,Beyneu,KZ,45.3167,55.2,44.46,45,0,10.07,clear sky
314,Biak,ID,-0.9131,122.8766,75.92,82,94,4.99,overcast clouds
315,Srednekolymsk,RU,67.45,153.6833,10.11,91,47,3.22,scattered clouds
316,Herndon,US,38.9696,-77.3861,76.96,75,75,1.01,broken clouds
317,Kedougou,SN,12.5579,-12.1743,82.98,74,0,4.61,light rain
318,Hasaki,JP,35.7333,140.8333,70.29,80,96,16.28,overcast clouds
319,Dudinka,RU,69.4058,86.1778,37.22,89,100,13.62,light rain
320,Huarmey,PE,-10.0681,-78.1522,69.37,74,51,12.46,broken clouds
321,Codrington,AU,-38.2667,141.9667,42.98,95,99,9.06,overcast clouds
322,Paamiut,GL,61.994,-49.6678,36.48,63,3,11.45,clear sky
323,Qaqortoq,GL,60.7167,-46.0333,48.7,47,7,6.06,clear sky
324,Beba,CU,22.4437,-79.7253,88.07,61,69,13.69,broken clouds
325,Mazatlan,MX,23.2167,-106.4167,90.91,75,40,4.0,scattered clouds
326,Mokhotlong,LS,-29.2894,29.0675,61.68,44,82,7.87,broken clouds
327,Ilulissat,GL,69.2167,-51.1,28.42,46,20,3.44,few clouds
328,Morwa,IN,22.9,73.8333,81.61,67,7,2.57,clear sky
329,Sirjan,IR,29.452,55.6814,74.21,15,0,4.07,clear sky
330,Valley,US,45.1277,-116.1262,38.01,88,100,3.58,overcast clouds
331,Korla,CN,41.7597,86.1469,45.23,65,100,20.15,overcast clouds
332,Kuching,MY,1.55,110.3333,80.82,89,20,2.3,few clouds
333,Cidreira,BR,-30.1811,-50.2056,63.03,54,37,11.39,scattered clouds
334,Matamoros,MX,25.5333,-103.25,78.91,34,1,8.05,clear sky
335,Erzin,TR,36.9559,36.2,76.01,29,0,4.83,clear sky
336,Port Hardy,CA,50.6996,-127.4199,44.6,93,90,5.75,overcast clouds
337,Tautira,PF,-17.7333,-149.15,78.82,77,14,5.79,few clouds
338,Pangai,TO,-19.8,-174.35,71.71,88,75,5.75,moderate rain
339,Trenggalek,ID,-8.05,111.7167,72.37,91,72,1.99,broken clouds
340,Polunochnoye,RU,60.8697,60.4153,39.87,79,50,7.14,scattered clouds
341,Meulaboh,ID,4.1363,96.1285,76.08,89,100,3.91,overcast clouds
342,Bud,US,39.447,-86.1758,73.74,85,99,8.61,moderate rain
343,Margate,GB,51.3813,1.3862,63.03,85,100,1.99,overcast clouds
344,Pershotravneve,UA,51.3929,28.8684,40.12,54,5,6.29,clear sky
345,Pucallpa,PE,-8.3791,-74.5539,89.64,58,75,4.61,broken clouds
346,Atambua,ID,-9.1061,124.8925,73.6,82,86,3.38,overcast clouds
347,Fortuna,US,40.5982,-124.1573,55.65,71,75,0.0,broken clouds
348,Saint Pete Beach,US,27.7253,-82.7412,94.33,63,1,3.0,clear sky
349,Nenjiang,CN,49.1833,125.2167,39.63,73,2,3.62,clear sky
350,Faridpur,BD,23.6,89.8333,84.2,79,32,4.94,scattered clouds
351,Watsa,CD,3.0372,29.5355,65.35,98,82,3.49,light rain
352,Nizwa,OM,22.9333,57.5333,88.11,37,0,4.99,clear sky
353,Mapiri,BO,-15.25,-68.1667,78.76,79,81,2.53,broken clouds
354,Mabaruma,GY,8.2,-59.7833,80.94,88,72,5.55,broken clouds
355,Khromtau,KZ,50.2503,58.4347,38.12,52,0,3.49,clear sky
356,San Francisco,US,37.7749,-122.4194,66.13,78,75,3.0,broken clouds
357,Vila Franca Do Campo,PT,37.7167,-25.4333,74.19,87,100,6.82,overcast clouds
358,Charyshskoye,RU,51.3978,83.5598,34.48,68,100,7.65,overcast clouds
359,Chimbarongo,CL,-34.7,-71.05,70.18,32,0,5.97,clear sky
360,Luena,AO,-11.7833,19.9167,75.09,45,81,2.57,broken clouds
361,Amnat Charoen,TH,15.9167,104.75,74.77,91,100,5.03,moderate rain
362,Shahreza,IR,32.0339,51.8794,68.29,24,0,5.88,clear sky
363,Tateyama,JP,34.9833,139.8667,73.09,94,75,4.61,mist
364,Santa Fe,AR,-31.6333,-60.7,72.01,26,1,5.01,clear sky
365,Shar,KZ,49.5886,81.0453,35.89,73,60,7.49,broken clouds
366,Porosozero,RU,62.7191,32.727,46.24,87,100,13.76,light rain
367,Gladstone,AU,-23.85,151.25,64.33,88,45,0.0,light rain
368,Palasbari,IN,26.1361,91.5486,80.65,83,40,0.0,mist
369,Ust-Tsilma,RU,65.441,52.1498,47.19,68,89,12.46,overcast clouds
370,Bridlington,GB,54.0831,-0.1919,65.28,86,25,11.03,scattered clouds
371,Chuy,UY,-33.6971,-53.4616,57.36,50,6,8.88,clear sky
372,The Valley,AI,18.217,-63.0578,89.46,70,40,16.11,scattered clouds
373,Ankazoabo,MG,-22.2833,44.5167,69.96,34,0,14.99,clear sky
374,Naters,CH,46.3254,7.9891,54.36,89,33,3.85,scattered clouds
375,Wote,KE,-1.7808,37.6288,74.07,49,78,13.87,broken clouds
376,Pacific Grove,US,36.6177,-121.9166,62.8,77,90,4.0,overcast clouds
377,Macapa,BR,0.0389,-51.0664,96.78,56,40,11.5,scattered clouds
378,Oranjemund,NA,-28.55,16.4333,57.65,91,25,6.22,scattered clouds
379,Khani,GE,41.9563,42.9566,53.17,78,13,5.97,few clouds
380,Xaltianguis,MX,17.0667,-99.8333,78.31,60,47,4.43,scattered clouds
381,Maumere,ID,-8.6199,122.2111,78.17,82,64,7.36,broken clouds
382,Port Lincoln,AU,-34.7333,135.8667,48.78,80,99,7.7,overcast clouds
383,Tabora,TZ,-5.0167,32.8,82.47,18,68,6.89,broken clouds
384,San Pedro,PH,14.35,121.0167,80.35,89,40,2.3,haze
385,Nizhnyaya Salda,RU,58.0776,60.7202,40.08,73,15,9.6,few clouds
386,Asau,RO,46.4333,26.4,48.4,68,100,4.5,light rain
387,Gualeguay,AR,-33.1416,-59.3097,65.34,39,0,8.79,clear sky
388,Mackay,AU,-21.15,149.2,71.69,94,40,4.61,scattered clouds
389,Pitkyaranta,RU,61.5734,31.4792,49.19,73,90,17.11,light rain
390,Santa Maria,BR,-29.6842,-53.8069,63.7,55,0,11.5,clear sky
391,Yeppoon,AU,-23.1333,150.7333,65.98,74,59,3.67,broken clouds
392,Hudiksvall,SE,61.729,17.1036,49.03,85,77,4.21,broken clouds
393,Talcahuano,CL,-36.7167,-73.1167,56.88,77,75,14.97,broken clouds
394,Bonavista,CA,48.6499,-53.1147,58.12,60,63,13.49,broken clouds
395,Saint-Pierre,RE,-21.3393,55.4781,69.48,87,94,5.75,light rain
396,Svetlogorsk,BY,52.6333,29.7333,40.21,60,15,6.46,few clouds
397,Pervoye Maya,RU,56.164,44.7196,33.51,57,0,2.86,clear sky
398,San Carlos De Bariloche,AR,-41.1456,-71.3082,56.95,18,0,5.75,clear sky
399,Sibu,MY,2.3,111.8167,79.11,94,40,0.0,scattered clouds
400,Nelson Bay,AU,-32.7167,152.15,63.0,76,98,8.81,overcast clouds
401,Benidorm,ES,38.5382,-0.131,74.88,91,9,4.52,clear sky
402,Boma,GH,7.0805,-2.1697,75.72,92,92,2.44,light rain
403,Waipawa,NZ,-41.4122,175.5153,55.02,95,100,5.03,overcast clouds
404,Sembe,CG,1.6481,14.5806,72.82,95,96,2.13,light rain
405,Kilemary,RU,56.7783,46.8659,37.99,64,6,3.6,clear sky
406,Heihe,CN,50.2441,127.4902,36.18,91,33,4.45,scattered clouds
407,Tilichiki,RU,60.4667,166.1,27.32,65,98,6.35,overcast clouds
408,Fort Wellington,GY,6.4,-57.6,85.17,67,92,8.63,overcast clouds
409,Naron,ES,43.5167,-8.1528,68.85,83,10,1.36,clear sky
410,Bowen,AU,-20.0167,148.2333,66.42,80,21,8.66,few clouds
411,Kaitangata,NZ,-46.2817,169.8464,46.35,93,46,3.56,scattered clouds
412,Belmonte,BR,-15.8631,-38.8828,82.9,62,7,10.22,clear sky
413,Clones,IE,54.1833,-7.2333,64.42,97,100,11.59,overcast clouds
414,Saldanha,ZA,-33.0117,17.9442,60.85,95,8,12.77,clear sky
415,Jining,CN,35.405,116.5814,55.92,93,100,5.48,light rain
416,Hay River,CA,60.8156,-115.7999,37.38,87,75,10.36,broken clouds
417,Grand-Lahou,CI,5.1367,-5.0242,78.51,84,91,6.78,overcast clouds
418,Mendi,PG,-6.1761,143.6513,52.56,97,77,3.74,broken clouds
419,Bismarck,US,46.8083,-100.7837,71.44,53,1,4.61,clear sky
420,Batagay-Alyta,RU,67.8006,130.4114,24.26,68,100,5.3,overcast clouds
421,Banda Aceh,ID,5.5577,95.3222,79.74,78,76,13.0,light rain
422,Sur,OM,22.5667,59.5289,82.9,56,0,2.59,clear sky
423,Labytnangi,RU,66.6572,66.4183,45.07,85,100,15.73,overcast clouds
424,Lata,PT,40.1629,-8.3327,74.35,55,0,3.51,clear sky
425,Celestun,MX,20.8667,-90.4,85.75,65,100,8.52,overcast clouds
426,Along,IN,28.1667,94.7667,70.75,98,12,2.06,few clouds
427,Wilmington,US,34.2257,-77.9447,80.94,88,75,10.36,broken clouds
428,Inhambane,MZ,-23.865,35.3833,71.58,68,40,5.75,scattered clouds
429,Isangel,VU,-19.55,169.2667,69.96,75,0,13.09,clear sky
430,Vilhena,BR,-12.7406,-60.1458,86.22,58,20,10.36,few clouds
431,Shieli,KZ,44.1667,66.75,47.28,31,4,25.12,clear sky
432,Qui Nhon,VN,13.7667,109.2333,76.75,85,100,6.31,moderate rain
433,Angoram,PG,-4.0625,144.0661,72.3,99,44,1.88,scattered clouds
434,Whitehorse,CA,60.7161,-135.0538,34.57,93,90,13.0,overcast clouds
435,Linxia,CN,35.6003,103.2064,55.4,68,27,2.59,scattered clouds
436,Esmeraldas,BR,-19.7625,-44.3139,78.91,31,74,7.43,broken clouds
437,Komsomolskiy,UZ,40.4272,71.7189,56.12,82,40,2.3,light intensity shower rain
438,Valdemarpils,LV,57.3707,22.5919,51.22,59,57,8.3,broken clouds
439,Kingman,US,35.1894,-114.053,75.18,39,1,7.0,clear sky
440,Linjiang,CN,41.8069,126.9078,43.02,94,0,1.95,clear sky
441,Myingyan,MM,21.4667,95.3833,84.29,71,31,4.09,scattered clouds
442,Cabedelo,BR,-6.9811,-34.8339,86.67,70,98,13.71,overcast clouds
443,Hamilton,US,39.1834,-84.5333,75.42,79,75,3.44,broken clouds
444,El Alto,PE,-4.2714,-81.2147,74.86,67,22,24.72,few clouds
445,Adana,TR,36.985,35.2881,77.81,30,0,3.44,clear sky
446,Tura,IN,25.5198,90.2201,74.62,90,20,2.17,few clouds
447,Zwedru,LR,6.0667,-8.1281,75.94,95,88,3.87,light rain
448,Camocim,BR,-2.9022,-40.8411,86.76,61,54,18.99,broken clouds
449,Saint-Joseph,RE,-21.3667,55.6167,68.38,78,96,6.93,light rain
450,Buala,SB,-8.145,159.5921,79.7,85,39,6.71,scattered clouds
451,Kingisepp,RU,59.3733,28.6134,47.5,55,55,9.19,broken clouds
452,Morondava,MG,-20.2833,44.2833,76.5,61,0,19.19,clear sky
453,Otradnoye,RU,59.7775,30.8181,52.03,55,48,10.04,scattered clouds
454,Popondetta,PG,-8.7537,148.2534,71.65,94,10,2.98,clear sky
455,Necochea,AR,-38.5473,-58.7368,62.04,49,3,1.45,clear sky
456,Puerto Colombia,CO,10.9878,-74.9547,86.09,75,100,6.69,overcast clouds
457,Almaty,KZ,43.25,76.95,28.31,86,40,2.24,mist
458,Kutum,SD,14.2,24.6667,84.63,19,13,4.76,few clouds
459,Te Anau,NZ,-45.4167,167.7167,49.1,95,100,2.51,overcast clouds
460,Barao De Melgaco,BR,-16.1944,-55.9675,95.52,35,37,3.38,scattered clouds
461,Jumla,NP,29.2747,82.1838,55.69,93,56,2.71,broken clouds
462,Alice Springs,AU,-23.7,133.8833,63.95,77,0,6.91,clear sky
463,Karratha,AU,-20.7377,116.8463,73.29,71,0,6.29,clear sky
464,Asfi,MA,32.2994,-9.2372,69.75,81,30,6.44,scattered clouds
465,Zaysan,KZ,47.4667,84.8667,33.78,55,49,8.21,scattered clouds
466,Guerrero Negro,MX,27.9769,-114.0611,74.52,61,69,16.11,broken clouds
467,Benguela,AO,-12.5763,13.4055,72.0,77,38,6.53,scattered clouds
468,Katrineholm,SE,58.9959,16.2072,53.73,89,100,4.81,overcast clouds
469,Coahuayana,MX,18.7333,-103.6833,90.88,57,28,4.68,scattered clouds
470,Lac Du Bonnet,CA,50.2536,-96.0612,71.58,43,2,13.49,clear sky
471,Cuauhtemoc,MX,28.4167,-106.8667,72.72,32,2,4.56,clear sky
472,Itoman,JP,26.1247,127.6694,81.37,80,75,8.05,broken clouds
473,Paciran,ID,-6.8767,112.3761,79.07,75,15,6.31,few clouds
474,Toppenish,US,46.3774,-120.3087,56.71,53,0,0.69,clear sky
475,Kaeng Khoi,TH,14.5862,100.9976,79.88,94,99,3.67,light rain
476,Tikrit,IQ,34.6071,43.6782,76.48,13,0,10.09,clear sky
477,Sarab,IR,38.6066,44.9883,48.25,65,4,2.66,clear sky
478,Cayenne,GF,4.9333,-52.3333,91.44,75,75,4.0,broken clouds
479,Half Moon Bay,US,37.4636,-122.4286,65.12,70,75,1.01,haze
480,Skjervoy,NO,70.0311,20.9714,37.58,65,100,25.72,light rain
481,Uige,AO,-7.6087,15.0613,74.03,79,65,1.59,broken clouds
482,Galle,LK,6.0367,80.217,80.4,83,58,9.44,light rain
483,Lanivtsi,UA,49.8633,26.0908,42.4,43,0,10.22,clear sky
484,Vanimo,PG,-2.6741,141.3028,76.17,87,49,4.94,scattered clouds
485,Thinadhoo,MV,0.5333,72.9333,83.71,75,52,12.08,broken clouds
486,Tabas,IR,33.5959,56.9244,79.75,15,15,6.78,few clouds
487,Guider,CM,9.9342,13.9486,85.06,54,74,5.01,broken clouds
488,Vostok,RU,46.4856,135.8833,35.47,91,64,5.68,broken clouds
489,Krylovskaya,RU,46.3194,39.9711,48.15,48,82,18.48,broken clouds
490,Baiyin,CN,36.5583,104.2081,54.48,59,20,7.07,few clouds
491,Tripoli,LY,32.8752,13.1875,74.52,60,24,12.8,few clouds
492,Iqaluit,CA,63.7506,-68.5145,42.53,65,75,8.99,broken clouds
493,Point Fortin,TT,10.1833,-61.6833,86.14,80,96,7.87,overcast clouds
494,Kishtwar,IN,33.3167,75.7667,57.97,55,0,3.71,clear sky
495,Krasnaya Gora,RU,52.9995,31.6023,46.31,59,67,7.2,broken clouds
496,Inta,RU,66.0317,60.1659,46.17,76,100,20.0,overcast clouds
497,Vista Hermosa,MX,19.5167,-99.2167,76.91,62,75,4.61,broken clouds
498,Lima,PE,-12.0432,-77.0282,67.14,93,75,10.36,broken clouds
499,Sao Felix Do Xingu,BR,-6.6447,-51.995,98.4,28,37,3.8,scattered clouds
500,San Andres,CO,12.5847,-81.7006,87.82,74,75,18.41,broken clouds
501,Igrim,RU,63.1906,64.4162,45.82,69,3,12.88,clear sky
502,Godhra,IN,22.75,73.6333,81.99,67,6,3.2,clear sky
503,Grindavik,IS,63.8424,-22.4338,48.15,81,90,24.16,very heavy rain
504,Belyy Yar,RU,53.6039,91.3903,35.49,87,75,11.18,light intensity shower rain
505,Nouakchott,MR,18.0858,-15.9785,87.73,71,58,7.4,broken clouds
506,Matiri,TZ,-10.75,34.9,68.0,55,54,4.0,broken clouds
507,Krasnyy Chikoy,RU,50.3643,108.7512,38.93,84,100,2.26,overcast clouds
508,San Martin,AR,-33.081,-68.4681,64.94,21,0,4.72,clear sky
509,Beaverlodge,CA,55.2166,-119.4361,38.55,60,4,12.39,clear sky
510,Gobabis,NA,-22.45,18.9667,77.59,14,50,13.53,scattered clouds
511,Marquette,US,46.5333,-87.6335,65.82,89,3,5.44,clear sky
512,Luau,AO,-10.7073,22.2247,78.91,39,72,2.35,broken clouds
513,Medicine Hat,CA,50.0501,-110.6683,49.71,55,75,1.01,smoke
514,Coquimbo,CL,-29.9533,-71.3436,58.73,67,90,11.5,overcast clouds
515,Ifanadiana,MG,-21.3,47.6333,59.52,96,99,2.93,light rain
516,Egvekinot,RU,66.3167,-179.1667,21.87,87,100,8.63,overcast clouds
517,Ko Samui,TH,9.5357,99.9357,81.52,79,100,23.91,overcast clouds
518,Nabire,ID,-3.3667,135.4833,75.56,91,100,3.58,overcast clouds
519,Luanda,AO,-8.8368,13.2343,77.0,78,40,12.66,scattered clouds
520,Corralillo,CU,22.9819,-80.5856,87.22,65,64,17.22,broken clouds
521,Leicester,GB,52.6386,-1.1317,65.66,84,39,5.91,scattered clouds
522,Gorontalo,ID,0.5412,123.0595,74.5,93,30,2.35,scattered clouds
523,Pacifica,US,37.6138,-122.4869,64.92,78,75,5.01,haze
524,Viedma,AR,-40.8135,-62.9967,68.67,14,0,12.44,clear sky
525,Mumford,GH,5.2618,-0.759,79.29,84,72,7.18,broken clouds
526,Almaznyy,RU,48.0448,40.045,46.54,43,44,12.95,scattered clouds
527,Bonthe,SL,7.5264,-12.505,81.57,77,78,7.02,broken clouds
528,Mengcheng,CN,33.2579,116.5655,59.94,93,100,11.05,overcast clouds
529,Orlik,RU,52.5178,99.825,30.27,83,100,2.13,overcast clouds
530,Monrovia,LR,6.3005,-10.7969,80.37,79,70,9.93,broken clouds
531,Cacapava,BR,-23.1008,-45.7069,73.17,81,98,10.0,overcast clouds
532,Salem,IN,11.65,78.1667,78.39,85,100,2.51,overcast clouds
533,Hambantota,LK,6.1241,81.1185,80.69,82,60,13.91,broken clouds
534,Ferrol,ES,43.4832,-8.2369,75.45,84,13,1.45,few clouds
535,Beshpagir,RU,45.0217,42.3808,45.82,65,97,21.12,overcast clouds
536,Dawei,MM,14.0833,98.2,76.78,94,100,1.97,overcast clouds
537,Matara,LK,5.9485,80.5353,78.98,88,64,8.3,broken clouds
538,Jacareacanga,BR,-6.2222,-57.7528,89.4,53,82,3.02,broken clouds
539,Mpulungu,ZM,-8.7623,31.1141,82.72,37,52,4.09,broken clouds
540,Havelock,US,34.8791,-76.9013,76.98,86,90,3.0,drizzle
541,Rolla,US,37.9514,-91.7713,68.86,87,90,4.0,overcast clouds
542,Dapaong,TG,10.8639,0.205,86.41,50,39,6.11,scattered clouds
543,Kijang,KR,35.2442,129.2139,73.13,87,12,8.9,few clouds
544,Chigore,PA,8.5333,-80.35,86.04,76,89,6.11,overcast clouds
545,Pishin,PK,30.5803,66.9961,67.48,11,0,2.93,clear sky
546,Verkhoyansk,RU,67.5447,133.385,28.38,55,100,12.97,overcast clouds
547,Keti Bandar,PK,24.1447,67.4497,82.6,78,100,8.63,overcast clouds
548,Sobolevo,RU,54.4299,31.8996,39.4,62,28,5.84,scattered clouds
549,Kedrovyy,RU,56.1667,91.8167,32.41,97,100,10.67,snow
550,Phetchaburi,TH,12.9667,99.5833,80.29,95,100,3.29,light rain
551,Obo,CF,5.3998,26.4869,71.62,90,71,1.77,broken clouds
552,Minnedosa,CA,50.2453,-99.8436,64.96,40,18,6.91,few clouds
553,Alto Araguaia,BR,-17.3147,-53.2153,81.52,57,58,14.29,light rain
554,Kushiro,JP,42.975,144.3747,49.26,92,100,4.79,overcast clouds
555,Eirunepe,BR,-6.6603,-69.8736,92.86,44,100,1.97,overcast clouds
556,Rio Verde De Mato Grosso,BR,-18.9181,-54.8442,93.24,40,79,4.9,broken clouds
557,Weligama,LK,5.9667,80.4167,79.21,86,62,8.25,light rain
558,Cabo San Lucas,MX,22.8909,-109.9124,93.51,55,1,6.91,clear sky
559,Weiser,US,44.251,-116.9693,59.31,62,100,2.82,overcast clouds
560,Salta,AR,-24.7859,-65.4117,67.57,48,75,5.99,broken clouds
561,Senneterre,CA,48.3835,-77.2328,68.22,59,26,5.77,scattered clouds
562,Los Llanos De Aridane,ES,28.6585,-17.9182,71.35,84,75,11.5,volcanic ash
563,Pisco,PE,-13.7,-76.2167,68.05,73,0,14.97,clear sky
564,Kaseda,JP,31.4167,130.3167,71.94,79,34,8.28,scattered clouds
565,Laval,CA,45.57,-73.692,72.05,60,20,1.01,few clouds
566,Zarate,AR,-34.0981,-59.0286,67.03,33,2,3.47,clear sky
567,Touros,BR,-5.1989,-35.4608,86.9,66,86,17.78,overcast clouds
568,Show Low,US,34.2542,-110.0298,71.71,37,1,16.11,clear sky
569,Kalengwa,ZM,-13.4659,25.0027,75.2,22,99,5.55,overcast clouds
570,Brigantine,US,39.4101,-74.3646,77.04,67,20,4.61,few clouds
571,Young,UY,-32.6833,-57.6333,64.22,47,2,9.31,clear sky
572,Tungor,RU,53.3808,142.9564,33.64,74,79,8.05,broken clouds
573,Tabuk,PH,17.4189,121.4443,74.66,92,100,2.13,overcast clouds
574,Lichinga,MZ,-13.3128,35.2406,69.89,43,20,5.75,smoke
575,Basco,PH,20.4487,121.9702,82.36,79,100,10.96,overcast clouds
576,Wajima,JP,37.4,136.9,72.43,83,46,16.37,scattered clouds
577,Estacion Coahuila,MX,32.1939,-115.0017,83.5,35,100,3.42,overcast clouds
578,Aklavik,CA,68.2191,-135.0107,29.12,80,9,4.18,clear sky
579,Farah,AF,32.5,62.5,72.86,17,0,3.8,clear sky
580,Chalus,IR,36.655,51.4204,56.66,94,75,4.61,broken clouds
581,Uyovu,TZ,-3.2833,31.5258,72.01,51,89,5.06,overcast clouds
582,Kahului,US,20.8947,-156.47,79.84,73,1,10.36,clear sky
583,Tirumullaivasal,IN,11.2333,79.8333,82.49,80,95,16.55,overcast clouds
584,Katobu,ID,-4.9408,122.5276,75.54,88,95,2.48,overcast clouds
585,Ambilobe,MG,-13.2,49.05,73.94,86,75,3.53,moderate rain
586,Araouane,ML,18.9048,-3.5265,98.94,6,3,8.19,clear sky
587,Nishihara,JP,26.1842,127.7558,80.65,81,90,16.11,overcast clouds
588,La Romana,DO,18.4273,-68.9728,89.96,70,40,9.22,scattered clouds
589,Kyren,RU,51.6828,102.1408,35.94,99,100,2.75,overcast clouds
590,Axim,GH,4.8699,-2.2405,78.89,84,89,6.96,overcast clouds
591,Poddorye,RU,57.4695,31.1156,40.55,68,1,6.02,clear sky
592,Zaraza,VE,9.3503,-65.3245,91.53,48,33,3.42,scattered clouds
593,Akdepe,TM,42.0551,59.3788,48.29,24,94,16.33,overcast clouds
594,Kadaya,RU,50.9327,119.2911,32.59,60,8,2.73,clear sky
595,Rawson,AR,-43.3002,-65.1023,53.71,63,67,19.64,broken clouds
596,Nuuk,GL,64.1835,-51.7216,36.21,60,20,9.22,few clouds
597,Omsukchan,RU,62.5333,155.8,3.65,96,44,2.68,scattered clouds
598,Tual,ID,-5.6667,132.75,81.28,79,62,10.4,broken clouds
599,Saint-Denis,FR,48.9167,2.3333,63.05,68,0,1.99,clear sky
600,Noyabrsk,RU,63.1994,75.4507,42.17,93,100,14.32,light rain
601,La Rioja,ES,42.25,-2.5,65.98,61,4,3.76,clear sky
602,Alnashi,RU,56.1874,52.4792,39.65,71,20,3.31,few clouds
603,Chanika,TZ,-5.4167,38.0167,70.05,79,36,6.87,scattered clouds
604,Shwebo,MM,22.5667,95.7,79.66,82,2,3.91,clear sky
605,Goundam,ML,16.4145,-3.6708,101.19,10,57,9.08,broken clouds
606,Mao,ES,39.8885,4.2658,66.76,59,20,10.36,few clouds
607,Suluova,TR,40.8313,35.6479,55.26,76,0,17.27,clear sky
608,Millau,FR,44.0833,2.9167,57.33,78,16,5.59,few clouds
609,Sisimiut,GL,66.9395,-53.6735,35.28,59,12,6.71,few clouds
610,Kisesa,TZ,-3.0833,34.15,80.4,19,35,6.44,scattered clouds
611,Usogorsk,RU,63.4106,48.6872,44.13,74,4,12.5,clear sky
612,Baruun-Urt,MN,46.6806,113.2792,43.93,51,100,8.68,overcast clouds
613,Kulhudhuffushi,MV,6.6221,73.07,81.68,81,23,14.5,few clouds
614,Warrington,GB,53.3925,-2.5802,66.31,82,75,1.01,broken clouds
615,Faya,SA,18.3851,42.4509,73.51,37,56,13.13,broken clouds
616,Jalu,LY,29.0331,21.5482,78.42,24,0,7.0,clear sky
617,Anzio,IT,41.4853,12.6179,64.33,82,50,8.95,scattered clouds
618,Creston,US,41.0586,-94.3614,72.68,83,90,4.61,overcast clouds
619,Barra Do Garcas,BR,-15.89,-52.2567,97.38,32,0,4.61,clear sky
620,Ust-Omchug,RU,61.15,149.6333,5.83,100,96,0.81,overcast clouds
621,Veraval,IN,20.9,70.3667,84.54,78,62,2.37,broken clouds
622,Ikot Ekpene,NG,5.1794,7.7108,76.89,89,99,3.2,overcast clouds
623,Warmbad,NA,-28.45,18.7333,67.33,29,0,17.45,clear sky
624,Navahrudak,BY,53.6,25.8333,38.52,62,0,7.56,clear sky
625,Kindersley,CA,51.4668,-109.1682,46.42,61,1,5.75,clear sky
626,Tamale,GH,9.4008,-0.8393,85.14,61,94,6.15,overcast clouds
627,Umm Kaddadah,SD,13.6017,26.6876,91.94,14,2,7.99,clear sky
628,Mkushi,ZM,-13.6202,29.3939,74.82,27,48,6.76,scattered clouds
629,Ondjiva,AO,-17.0667,15.7333,82.06,23,75,6.62,broken clouds
630,Krasnoselkup,RU,65.7,82.4667,41.88,95,100,13.35,overcast clouds
631,Olafsvik,IS,64.8945,-23.7142,45.0,79,100,33.82,overcast clouds
632,Kasamwa,TZ,-2.85,32.4333,72.45,55,14,4.7,few clouds
633,Boende,CD,-0.2167,20.8667,75.58,84,83,2.37,light rain
634,Gigmoto,PH,13.7796,124.39,79.56,88,100,5.61,overcast clouds
635,Concarneau,FR,47.875,-3.9225,63.39,87,10,4.14,clear sky
636,Mayo,US,38.8876,-76.5119,79.27,70,1,1.99,clear sky
637,Padang,ID,-0.9492,100.3543,75.25,84,98,1.97,overcast clouds
638,Cascais,PT,38.6979,-9.4215,83.55,41,0,16.11,clear sky
639,Simao,CN,22.7886,100.9748,65.71,96,99,1.28,overcast clouds
640,Sortland,NO,68.6949,15.4162,41.36,77,90,7.65,overcast clouds
641,Tucuma,BR,-0.1833,-50.05,90.54,54,52,11.18,broken clouds
642,Evensk,RU,61.95,159.2333,22.44,57,18,7.38,few clouds
643,Antalaha,MG,-14.9003,50.2788,71.2,77,56,2.51,broken clouds
644,Maubin,MM,16.7333,95.65,77.16,94,49,4.23,scattered clouds
645,Rio Gallegos,AR,-51.6226,-69.2181,55.45,38,0,4.61,clear sky
646,Cilegon,ID,-6.0174,106.0538,76.89,80,33,5.1,scattered clouds
647,Pelym,RU,61.0108,61.9978,41.25,79,53,8.1,broken clouds
648,Taybad,IR,34.74,60.7756,56.43,26,10,13.91,clear sky
649,Bushehr,IR,28.9684,50.8385,86.09,70,0,6.91,clear sky
650,Vao,NC,-22.6667,167.4833,68.54,64,46,14.52,scattered clouds
651,Kampot,KH,10.6167,104.1833,80.65,90,100,6.67,overcast clouds
652,La Palma,US,33.8464,-118.0467,73.04,78,90,1.01,haze
653,Churapcha,RU,62.0025,132.4325,24.84,85,32,7.11,scattered clouds
654,Buin,CL,-33.7333,-70.75,77.05,22,0,8.48,clear sky
655,Lethem,GY,3.3803,-59.7968,94.73,39,70,3.98,broken clouds
656,Banjar,ID,-8.19,114.9675,75.06,86,35,7.25,scattered clouds
657,Shenjiamen,CN,29.9576,122.298,76.69,85,14,13.09,few clouds
658,Banes,CU,20.9625,-75.7186,90.21,61,69,16.71,broken clouds
659,Potoci,BA,43.4086,17.8786,60.31,93,75,2.3,broken clouds
660,Oistins,BB,13.0667,-59.5333,86.09,79,75,21.85,broken clouds
661,Garden City,US,42.3256,-83.331,73.65,87,90,3.0,overcast clouds
662,Luganville,VU,-15.5333,167.1667,77.2,85,50,8.7,scattered clouds
663,Ahipara,NZ,-35.1667,173.1667,56.43,93,41,9.4,scattered clouds
664,Yenagoa,NG,4.9247,6.2642,77.05,90,98,3.89,overcast clouds
665,Andapa,MG,-14.65,49.65,65.97,92,97,0.76,overcast clouds
666,Thai Binh,VN,20.45,106.3333,86.0,75,98,9.93,overcast clouds
667,Ludvika,SE,60.1496,15.1878,54.03,95,100,5.55,overcast clouds
668,Freeport,US,40.6576,-73.5832,76.98,65,40,5.01,scattered clouds
669,Yangjiang,CN,21.85,111.9667,78.26,84,100,15.39,light rain
670,Ojinaga,MX,29.5667,-104.4167,90.57,25,1,0.0,clear sky
671,Iquitos,PE,-3.7481,-73.2472,86.04,70,75,8.05,broken clouds
672,Kindu,CD,-2.95,25.95,73.67,78,55,2.64,broken clouds
673,Catamarca,AR,-28.4696,-65.7852,75.49,45,0,15.01,clear sky
674,Lavrentiya,RU,65.5833,-171.0,35.35,94,100,1.95,overcast clouds
675,Balad,IQ,34.0164,44.1453,77.59,13,0,9.78,clear sky
676,Seymchan,RU,62.8833,152.4333,18.28,73,24,3.0,few clouds
677,Salcedo,PH,12.8105,121.4674,77.99,80,100,3.4,overcast clouds
678,Bangassou,CF,4.7413,22.8184,75.07,82,74,2.08,broken clouds
679,Burnie,AU,-41.0667,145.9167,48.94,87,68,9.91,broken clouds
680,Port Keats,AU,-14.25,129.55,79.88,84,80,6.33,broken clouds
681,Kholodnyy,RU,62.7167,147.95,3.99,96,50,1.61,scattered clouds
682,Chivay,PE,-15.6383,-71.6011,53.26,68,99,5.17,light rain
